,title,text,url
0,the curewikimain page wikipedia,the curewikimain page wikipedia jump to content main menu main menu move to sidebar hide navigation main pagecontentscurrent eventsrandom articleabout wikipediacontact us contribute helplearn to editcommunity portalrecent changesupload filespecial pages search search appearance donate create account log in personal tools donate create account log in pages for logged out editors learn more contributionstalk the curewikimain page add languages page contents not supported in other languages articletalk english tools tools move to sidebar hide actions general what links hereupload fileprintable versionpage informationget shortened urldownload qr code in other projects appearance move to sidebar hide from wikipedia the free encyclopedia look for the curewikimain page on one of wikipedias sister projects wiktionary dictionary wikibooks textbooks wikiquote quotations wikisource library wikiversity learning resources commons media wikivoyage travel guide wikinews news source wikidata linked database wikispecies species directory wikipedia does not have an article with this exact name please search for the curewikimain page in wikipedia to check for alternative titles or spellings you need to log in or create an account and be autoconfirmed to create new articles alternatively you can use the article wizard to submit a draft for review or request a new article search for the curewikimain page in existing articles look for pages within wikipedia that link to this title other reasons this message may be displayed if a page was recently created here it may not be visible yet because of a delay in updating the database wait a few minutes or try the purge function titles on wikipedia are case sensitive except for the first character please check alternative capitalizations and consider adding a redirect here to the correct title if the page has been deleted check the deletion log and see why was the page i created deleted retrieved from httpsenwikipediaorgwikithecurewikimainpage privacy policy about wikipedia disclaimers contact wikipedia code of conduct developers statistics cookie statement mobile view search search the curewikimain page add topic,https://en.wikipedia.org/wiki/The_Cure/wiki/Main_Page
1,the curewikiwikipediacontents wikipedia,the curewikiwikipediacontents wikipedia jump to content main menu main menu move to sidebar hide navigation main pagecontentscurrent eventsrandom articleabout wikipediacontact us contribute helplearn to editcommunity portalrecent changesupload filespecial pages search search appearance donate create account log in personal tools donate create account log in pages for logged out editors learn more contributionstalk the curewikiwikipediacontents add languages page contents not supported in other languages articletalk english tools tools move to sidebar hide actions general what links hereupload fileprintable versionpage informationget shortened urldownload qr code in other projects appearance move to sidebar hide from wikipedia the free encyclopedia look for the curewikiwikipediacontents on one of wikipedias sister projects wiktionary dictionary wikibooks textbooks wikiquote quotations wikisource library wikiversity learning resources commons media wikivoyage travel guide wikinews news source wikidata linked database wikispecies species directory wikipedia does not have an article with this exact name please search for the curewikiwikipediacontents in wikipedia to check for alternative titles or spellings you need to log in or create an account and be autoconfirmed to create new articles alternatively you can use the article wizard to submit a draft for review or request a new article search for the curewikiwikipediacontents in existing articles look for pages within wikipedia that link to this title other reasons this message may be displayed if a page was recently created here it may not be visible yet because of a delay in updating the database wait a few minutes or try the purge function titles on wikipedia are case sensitive except for the first character please check alternative capitalizations and consider adding a redirect here to the correct title if the page has been deleted check the deletion log and see why was the page i created deleted retrieved from httpsenwikipediaorgwikithecurewikiwikipediacontents privacy policy about wikipedia disclaimers contact wikipedia code of conduct developers statistics cookie statement mobile view search search the curewikiwikipediacontents add topic,https://en.wikipedia.org/wiki/The_Cure/wiki/Wikipedia:Contents
2,the curewikiportalcurrent events wikipedia,the curewikiportalcurrent events wikipedia jump to content main menu main menu move to sidebar hide navigation main pagecontentscurrent eventsrandom articleabout wikipediacontact us contribute helplearn to editcommunity portalrecent changesupload filespecial pages search search appearance donate create account log in personal tools donate create account log in pages for logged out editors learn more contributionstalk the curewikiportalcurrent events add languages page contents not supported in other languages articletalk english tools tools move to sidebar hide actions general what links hereupload fileprintable versionpage informationget shortened urldownload qr code in other projects appearance move to sidebar hide from wikipedia the free encyclopedia look for the curewikiportalcurrent events on one of wikipedias sister projects wiktionary dictionary wikibooks textbooks wikiquote quotations wikisource library wikiversity learning resources commons media wikivoyage travel guide wikinews news source wikidata linked database wikispecies species directory wikipedia does not have an article with this exact name please search for the curewikiportalcurrent events in wikipedia to check for alternative titles or spellings you need to log in or create an account and be autoconfirmed to create new articles alternatively you can use the article wizard to submit a draft for review or request a new article search for the curewikiportalcurrent events in existing articles look for pages within wikipedia that link to this title other reasons this message may be displayed if a page was recently created here it may not be visible yet because of a delay in updating the database wait a few minutes or try the purge function titles on wikipedia are case sensitive except for the first character please check alternative capitalizations and consider adding a redirect here to the correct title if the page has been deleted check the deletion log and see why was the page i created deleted retrieved from httpsenwikipediaorgwikithecurewikiportalcurrentevents privacy policy about wikipedia disclaimers contact wikipedia code of conduct developers statistics cookie statement mobile view search search the curewikiportalcurrent events add topic,https://en.wikipedia.org/wiki/The_Cure/wiki/Portal:Current_events
3,the curewikispecialrandom wikipedia,the curewikispecialrandom wikipedia jump to content main menu main menu move to sidebar hide navigation main pagecontentscurrent eventsrandom articleabout wikipediacontact us contribute helplearn to editcommunity portalrecent changesupload filespecial pages search search appearance donate create account log in personal tools donate create account log in pages for logged out editors learn more contributionstalk the curewikispecialrandom add languages page contents not supported in other languages articletalk english tools tools move to sidebar hide actions general what links hereupload fileprintable versionpage informationget shortened urldownload qr code in other projects appearance move to sidebar hide from wikipedia the free encyclopedia look for the curewikispecialrandom on one of wikipedias sister projects wiktionary dictionary wikibooks textbooks wikiquote quotations wikisource library wikiversity learning resources commons media wikivoyage travel guide wikinews news source wikidata linked database wikispecies species directory wikipedia does not have an article with this exact name please search for the curewikispecialrandom in wikipedia to check for alternative titles or spellings you need to log in or create an account and be autoconfirmed to create new articles alternatively you can use the article wizard to submit a draft for review or request a new article search for the curewikispecialrandom in existing articles look for pages within wikipedia that link to this title other reasons this message may be displayed if a page was recently created here it may not be visible yet because of a delay in updating the database wait a few minutes or try the purge function titles on wikipedia are case sensitive except for the first character please check alternative capitalizations and consider adding a redirect here to the correct title if the page has been deleted check the deletion log and see why was the page i created deleted retrieved from httpsenwikipediaorgwikithecurewikispecialrandom privacy policy about wikipedia disclaimers contact wikipedia code of conduct developers statistics cookie statement mobile view search search the curewikispecialrandom add topic,https://en.wikipedia.org/wiki/The_Cure/wiki/Special:Random
4,the curewikiwikipediaabout wikipedia,the curewikiwikipediaabout wikipedia jump to content main menu main menu move to sidebar hide navigation main pagecontentscurrent eventsrandom articleabout wikipediacontact us contribute helplearn to editcommunity portalrecent changesupload filespecial pages search search appearance donate create account log in personal tools donate create account log in pages for logged out editors learn more contributionstalk the curewikiwikipediaabout add languages page contents not supported in other languages articletalk english tools tools move to sidebar hide actions general what links hereupload fileprintable versionpage informationget shortened urldownload qr code in other projects appearance move to sidebar hide from wikipedia the free encyclopedia look for the curewikiwikipediaabout on one of wikipedias sister projects wiktionary dictionary wikibooks textbooks wikiquote quotations wikisource library wikiversity learning resources commons media wikivoyage travel guide wikinews news source wikidata linked database wikispecies species directory wikipedia does not have an article with this exact name please search for the curewikiwikipediaabout in wikipedia to check for alternative titles or spellings you need to log in or create an account and be autoconfirmed to create new articles alternatively you can use the article wizard to submit a draft for review or request a new article search for the curewikiwikipediaabout in existing articles look for pages within wikipedia that link to this title other reasons this message may be displayed if a page was recently created here it may not be visible yet because of a delay in updating the database wait a few minutes or try the purge function titles on wikipedia are case sensitive except for the first character please check alternative capitalizations and consider adding a redirect here to the correct title if the page has been deleted check the deletion log and see why was the page i created deleted retrieved from httpsenwikipediaorgwikithecurewikiwikipediaabout privacy policy about wikipedia disclaimers contact wikipedia code of conduct developers statistics cookie statement mobile view search search the curewikiwikipediaabout add topic,https://en.wikipedia.org/wiki/The_Cure/wiki/Wikipedia:About
5,the curewikihelpcontents wikipedia,the curewikihelpcontents wikipedia jump to content main menu main menu move to sidebar hide navigation main pagecontentscurrent eventsrandom articleabout wikipediacontact us contribute helplearn to editcommunity portalrecent changesupload filespecial pages search search appearance donate create account log in personal tools donate create account log in pages for logged out editors learn more contributionstalk the curewikihelpcontents add languages page contents not supported in other languages articletalk english tools tools move to sidebar hide actions general what links hereupload fileprintable versionpage informationget shortened urldownload qr code in other projects appearance move to sidebar hide from wikipedia the free encyclopedia look for the curewikihelpcontents on one of wikipedias sister projects wiktionary dictionary wikibooks textbooks wikiquote quotations wikisource library wikiversity learning resources commons media wikivoyage travel guide wikinews news source wikidata linked database wikispecies species directory wikipedia does not have an article with this exact name please search for the curewikihelpcontents in wikipedia to check for alternative titles or spellings you need to log in or create an account and be autoconfirmed to create new articles alternatively you can use the article wizard to submit a draft for review or request a new article search for the curewikihelpcontents in existing articles look for pages within wikipedia that link to this title other reasons this message may be displayed if a page was recently created here it may not be visible yet because of a delay in updating the database wait a few minutes or try the purge function titles on wikipedia are case sensitive except for the first character please check alternative capitalizations and consider adding a redirect here to the correct title if the page has been deleted check the deletion log and see why was the page i created deleted retrieved from httpsenwikipediaorgwikithecurewikihelpcontents privacy policy about wikipedia disclaimers contact wikipedia code of conduct developers statistics cookie statement mobile view search search the curewikihelpcontents add topic,https://en.wikipedia.org/wiki/The_Cure/wiki/Help:Contents
6,the curewikihelpintroduction wikipedia,the curewikihelpintroduction wikipedia jump to content main menu main menu move to sidebar hide navigation main pagecontentscurrent eventsrandom articleabout wikipediacontact us contribute helplearn to editcommunity portalrecent changesupload filespecial pages search search appearance donate create account log in personal tools donate create account log in pages for logged out editors learn more contributionstalk the curewikihelpintroduction add languages page contents not supported in other languages articletalk english tools tools move to sidebar hide actions general what links hereupload fileprintable versionpage informationget shortened urldownload qr code in other projects appearance move to sidebar hide from wikipedia the free encyclopedia look for the curewikihelpintroduction on one of wikipedias sister projects wiktionary dictionary wikibooks textbooks wikiquote quotations wikisource library wikiversity learning resources commons media wikivoyage travel guide wikinews news source wikidata linked database wikispecies species directory wikipedia does not have an article with this exact name please search for the curewikihelpintroduction in wikipedia to check for alternative titles or spellings you need to log in or create an account and be autoconfirmed to create new articles alternatively you can use the article wizard to submit a draft for review or request a new article search for the curewikihelpintroduction in existing articles look for pages within wikipedia that link to this title other reasons this message may be displayed if a page was recently created here it may not be visible yet because of a delay in updating the database wait a few minutes or try the purge function titles on wikipedia are case sensitive except for the first character please check alternative capitalizations and consider adding a redirect here to the correct title if the page has been deleted check the deletion log and see why was the page i created deleted retrieved from httpsenwikipediaorgwikithecurewikihelpintroduction privacy policy about wikipedia disclaimers contact wikipedia code of conduct developers statistics cookie statement mobile view search search the curewikihelpintroduction add topic,https://en.wikipedia.org/wiki/The_Cure/wiki/Help:Introduction
7,the curewikiwikipediacommunity portal wikipedia,the curewikiwikipediacommunity portal wikipedia jump to content main menu main menu move to sidebar hide navigation main pagecontentscurrent eventsrandom articleabout wikipediacontact us contribute helplearn to editcommunity portalrecent changesupload filespecial pages search search appearance donate create account log in personal tools donate create account log in pages for logged out editors learn more contributionstalk the curewikiwikipediacommunity portal add languages page contents not supported in other languages articletalk english tools tools move to sidebar hide actions general what links hereupload fileprintable versionpage informationget shortened urldownload qr code in other projects appearance move to sidebar hide from wikipedia the free encyclopedia look for the curewikiwikipediacommunity portal on one of wikipedias sister projects wiktionary dictionary wikibooks textbooks wikiquote quotations wikisource library wikiversity learning resources commons media wikivoyage travel guide wikinews news source wikidata linked database wikispecies species directory wikipedia does not have an article with this exact name please search for the curewikiwikipediacommunity portal in wikipedia to check for alternative titles or spellings you need to log in or create an account and be autoconfirmed to create new articles alternatively you can use the article wizard to submit a draft for review or request a new article search for the curewikiwikipediacommunity portal in existing articles look for pages within wikipedia that link to this title other reasons this message may be displayed if a page was recently created here it may not be visible yet because of a delay in updating the database wait a few minutes or try the purge function titles on wikipedia are case sensitive except for the first character please check alternative capitalizations and consider adding a redirect here to the correct title if the page has been deleted check the deletion log and see why was the page i created deleted retrieved from httpsenwikipediaorgwikithecurewikiwikipediacommunityportal privacy policy about wikipedia disclaimers contact wikipedia code of conduct developers statistics cookie statement mobile view search search the curewikiwikipediacommunity portal add topic,https://en.wikipedia.org/wiki/The_Cure/wiki/Wikipedia:Community_portal
8,the curewikispecialrecentchanges wikipedia,the curewikispecialrecentchanges wikipedia jump to content main menu main menu move to sidebar hide navigation main pagecontentscurrent eventsrandom articleabout wikipediacontact us contribute helplearn to editcommunity portalrecent changesupload filespecial pages search search appearance donate create account log in personal tools donate create account log in pages for logged out editors learn more contributionstalk the curewikispecialrecentchanges add languages page contents not supported in other languages articletalk english tools tools move to sidebar hide actions general what links hereupload fileprintable versionpage informationget shortened urldownload qr code in other projects appearance move to sidebar hide from wikipedia the free encyclopedia look for the curewikispecialrecentchanges on one of wikipedias sister projects wiktionary dictionary wikibooks textbooks wikiquote quotations wikisource library wikiversity learning resources commons media wikivoyage travel guide wikinews news source wikidata linked database wikispecies species directory wikipedia does not have an article with this exact name please search for the curewikispecialrecentchanges in wikipedia to check for alternative titles or spellings you need to log in or create an account and be autoconfirmed to create new articles alternatively you can use the article wizard to submit a draft for review or request a new article search for the curewikispecialrecentchanges in existing articles look for pages within wikipedia that link to this title other reasons this message may be displayed if a page was recently created here it may not be visible yet because of a delay in updating the database wait a few minutes or try the purge function titles on wikipedia are case sensitive except for the first character please check alternative capitalizations and consider adding a redirect here to the correct title if the page has been deleted check the deletion log and see why was the page i created deleted retrieved from httpsenwikipediaorgwikithecurewikispecialrecentchanges privacy policy about wikipedia disclaimers contact wikipedia code of conduct developers statistics cookie statement mobile view search search the curewikispecialrecentchanges add topic,https://en.wikipedia.org/wiki/The_Cure/wiki/Special:RecentChanges
9,the curewikiwikipediafile upload wizard wikipedia,the curewikiwikipediafile upload wizard wikipedia jump to content main menu main menu move to sidebar hide navigation main pagecontentscurrent eventsrandom articleabout wikipediacontact us contribute helplearn to editcommunity portalrecent changesupload filespecial pages search search appearance donate create account log in personal tools donate create account log in pages for logged out editors learn more contributionstalk the curewikiwikipediafile upload wizard add languages page contents not supported in other languages articletalk english tools tools move to sidebar hide actions general what links hereupload fileprintable versionpage informationget shortened urldownload qr code in other projects appearance move to sidebar hide from wikipedia the free encyclopedia look for the curewikiwikipediafile upload wizard on one of wikipedias sister projects wiktionary dictionary wikibooks textbooks wikiquote quotations wikisource library wikiversity learning resources commons media wikivoyage travel guide wikinews news source wikidata linked database wikispecies species directory wikipedia does not have an article with this exact name please search for the curewikiwikipediafile upload wizard in wikipedia to check for alternative titles or spellings you need to log in or create an account and be autoconfirmed to create new articles alternatively you can use the article wizard to submit a draft for review or request a new article search for the curewikiwikipediafile upload wizard in existing articles look for pages within wikipedia that link to this title other reasons this message may be displayed if a page was recently created here it may not be visible yet because of a delay in updating the database wait a few minutes or try the purge function titles on wikipedia are case sensitive except for the first character please check alternative capitalizations and consider adding a redirect here to the correct title if the page has been deleted check the deletion log and see why was the page i created deleted retrieved from httpsenwikipediaorgwikithecurewikiwikipediafileuploadwizard privacy policy about wikipedia disclaimers contact wikipedia code of conduct developers statistics cookie statement mobile view search search the curewikiwikipediafile upload wizard add topic,https://en.wikipedia.org/wiki/The_Cure/wiki/Wikipedia:File_upload_wizard
